"h_score","k"
"0.201919259966","2"
"0.144748875503","3"
"0.196569021638","5"
"0.216797700549","10"
"0.265282206149","15"
"h_score","k"
"0.268489821134","20"
"0.298796236095","25"
"0.298379481806","30"
